{"loss": 1.085842143117854, "accuracy": 0.6053926992205392, "f1": 0.42974820733070374, "confusion_matrix": [[0.20000000298023224, 0.0, 0.03999999910593033, 0.0, 0.3700000047683716, 0.0, 0.4000000059604645], [0.029999999329447746, 0.46000000834465027, 0.5099999904632568, 0.0, 0.0, 0.0, 0.0], [0.28999999165534973, 0.0, 0.1599999964237213, 0.0, 0.2800000011920929, 0.25999999046325684, 0.029999999329447746], [0.019999999552965164, 0.0, 0.019999999552965164, 0.699999988079071, 0.25, 0.0, 0.019999999552965164], [0.30000001192092896, 0.0, 0.20999999344348907, 0.10000000149011612, 0.3799999952316284, 0.0, 0.0], [0.07000000029802322, 0.0, 0.12999999523162842, 0.07000000029802322, 0.07000000029802322, 0.5299999713897705, 0.12999999523162842], [0.03999999910593033, 0.0, 0.3400000035762787, 0.12999999523162842, 0.05000000074505806, 0.0, 0.4399999976158142]]}