epoch,train_loss,train_accuracy,val_loss,val_accuracy
1,0.5354881116957553,0.8060700959488273,0.3773135220169262,0.8644506369426752
2,0.25648311774995025,0.9058335554371002,0.24885347998066312,0.908937101910828
